{"loss": [0.13166795670986176], "accuracy": [0.09343112260103226]}